payout,currency,user_id,sale_amount,datetime,shop_name,shop_offset_hour
42.90,CNY,JVp9tLxR7B,1225.60,2020-02-01 21:47:51,TM,-2
42.90,CNY,JVp9tLxR7B,1225.60,2020-02-01 21:47:51,TM,-2
0.04,USD,p9sizJ3nNv,0.82,2020-02-02 04:40:17,AS,-1
0.04,USD,p9sizJ3nNv,0.82,2020-02-02 04:40:17,AS,-1
0.04,USD,p9sizJ3nNv,0.83,2020-02-02 04:40:18,AS,-1
0.04,USD,p9sizJ3nNv,0.82,2020-02-02 04:40:18,AS,-1
0.06,USD,21aRJNVje8,8.18,2020-02-02 05:17:38,AS,-1
1.18,USD,21aRJNVje8,24.21,2020-02-02 05:17:38,AS,-1
0.06,USD,21aRJNVje8,8.18,2020-02-02 06:00:20,AS,-1
3.38,THB,fBu32lUaA4,91.00,2020-02-01 18:51:33,SE,0
0.01,THB,2X1haOQLII,1.00,2020-02-01 18:55:21,SE,0
0.01,THB,2X1haOQLII,1.00,2020-02-01 18:55:21,SE,0
0.01,THB,2X1haOQLII,1.00,2020-02-01 18:55:21,SE,0
0.01,THB,2X1haOQLII,1.00,2020-02-01 18:55:21,SE,0
0.04,THB,2X1haOQLII,1.00,2020-02-01 18:55:21,SE,0
0.01,THB,2X1haOQLII,1.00,2020-02-01 18:55:21,SE,0
0.01,THB,2X1haOQLII,1.00,2020-02-01 18:55:21,SE,0
3.3899999999999997,THB,UwLHXe7HXm,52.00,2020-02-01 18:55:14,SE,0
18.29,THB,2NF0kxJHxA,493.00,2020-02-01 18:55:11,SE,0
3.8399999999999994,THB,BZmNKqaq5I,422.00,2020-02-01 18:55:03,SE,0
29.37,THB,voWBYJWIjK,3227.00,2020-02-01 18:53:04,SE,0
0.71,THB,8EeQFwgIbF,78.00,2020-02-01 18:49:25,SE,0
2.88,THB,nKJF0N9rGC,316.00,2020-02-01 18:47:43,SE,0
2.22,THB,32fQ547vIG,244.00,2020-02-01 18:47:39,SE,0
2.22,THB,32fQ547vIG,244.00,2020-02-01 18:47:39,SE,0
0.27,THB,2vcLymptKR,30.00,2020-02-01 18:46:05,SE,0
2.23,THB,2Z8Zb81jkx,245.00,2020-02-01 18:46:00,SE,0
20.78,THB,2Z8Zb81jkx,2283.00,2020-02-01 18:46:00,SE,0
2.61,THB,2vhbEzIp11,113.00,2020-02-01 18:43:36,SE,0
36.42,THB,i0PxECTk6i,667.00,2020-02-01 18:42:02,SE,0
1.097543859649123,THB,ca6K2Po6hl,16.00,2020-02-01 18:39:15,SE,0
2.8124561403508777,THB,ca6K2Po6hl,41.00,2020-02-01 18:39:15,SE,0
0.26,THB,dSYY4DoqWK,29.00,2020-02-01 18:36:04,SE,0
2.02,THB,1nnRj4C00c,222.00,2020-02-01 18:33:33,SE,0
0.36,THB,2UaMYC5Cck,40.00,2020-02-01 18:31:43,SE,0
2.7,THB,1nnRj4C00c,297.00,2020-02-01 18:31:04,SE,0
0.36,THB,2UaMYC5Cck,40.00,2020-02-01 18:31:43,SE,0
3.76,THB,39TC2S63VJ,413.00,2020-02-01 18:29:03,SE,0
35.00380697050938,THB,2KLPLuGvGW,881.00,2020-02-01 18:25:22,SE,0
11.840107238605896,THB,2KLPLuGvGW,298.00,2020-02-01 18:25:22,SE,0
166.9534584450402,THB,2KLPLuGvGW,4202.00,2020-02-01 18:25:22,SE,0
11.52225201072386,THB,2KLPLuGvGW,290.00,2020-02-01 18:25:22,SE,0
11.800375335120645,THB,2KLPLuGvGW,297.00,2020-02-01 18:25:22,SE,0
13.17276814386641,THB,2KLPLuGvGW,1172.00,2020-02-01 18:25:22,SE,0
0.72,THB,446ZTU0ri4,79.00,2020-02-01 18:24:33,SE,0
10.58766859344894,THB,2KLPLuGvGW,942.00,2020-02-01 18:25:22,SE,0
11.475594091201026,THB,2KLPLuGvGW,1021.00,2020-02-01 18:25:22,SE,0
7.901412973667308,THB,2KLPLuGvGW,703.00,2020-02-01 18:25:22,SE,0
11.037251123956326,THB,2KLPLuGvGW,982.00,2020-02-01 18:25:22,SE,0
15.825305073859989,THB,2KLPLuGvGW,1408.00,2020-02-01 18:25:22,SE,0
1.88,THB,2RMIktyujM,207.00,2020-02-01 18:22:11,SE,0
1.88,THB,2RMIktyujM,207.00,2020-02-01 18:22:11,SE,0
15.48,THB,2RMIktyujM,1701.00,2020-02-01 18:22:11,SE,0
0.33999999999999997,THB,Camo1swMct,37.00,2020-02-01 18:22:05,SE,0
14.55,THB,2pvKY2zdxg,990.00,2020-02-01 18:21:06,SE,0
9.5,THB,34f0f8SPMW,256.00,2020-02-01 18:19:59,SE,0
4.58,THB,307eBVyho4,59.00,2020-02-01 18:18:38,SE,0
4.58,THB,307eBVyho4,59.00,2020-02-01 18:18:38,SE,0
14.95,THB,1g0iOZlwQv,403.00,2020-02-01 18:18:20,SE,0
1.62,THB,1f55vsOdHY,110.00,2020-02-01 18:15:46,SE,0
1.17,THB,1x7LuCKYFT,129.00,2020-02-01 18:15:46,SE,0
26.95407714641228,THB,tvhxsIBEoN,2962.00,2020-02-01 18:13:40,SE,0
16.92592285358772,THB,tvhxsIBEoN,1860.00,2020-02-01 18:13:40,SE,0
4.63,THB,DU2jBFdeT0,105.00,2020-02-01 18:12:56,SE,0
70.0,THB,2Pnq1Hc7Om,6510.00,2020-02-01 18:12:46,SE,0
2.688733153638814,THB,24GnWZhUlf,296.00,2020-02-01 18:12:40,SE,0
0.6812668463611861,THB,24GnWZhUlf,75.00,2020-02-01 18:12:40,SE,0
5.57,THB,1fPi32ugwI,379.00,2020-02-01 18:10:39,SE,0
2.03,THB,1ziQppui0b,138.00,2020-02-01 18:08:33,SE,0
0.5195575221238938,THB,1ziQppui0b,57.00,2020-02-01 18:08:33,SE,0
0.7200884955752213,THB,1ziQppui0b,79.00,2020-02-01 18:08:33,SE,0
0.820353982300885,THB,1ziQppui0b,90.00,2020-02-01 18:08:33,SE,0
0.504390243902439,THB,1ziQppui0b,55.00,2020-02-01 18:08:33,SE,0
0.4585365853658536,THB,1ziQppui0b,50.00,2020-02-01 18:08:33,SE,0
0.4585365853658536,THB,1ziQppui0b,50.00,2020-02-01 18:08:33,SE,0
0.4585365853658536,THB,1ziQppui0b,50.00,2020-02-01 18:08:33,SE,0
0.71,THB,vW3Dk9uZuJ,78.00,2020-02-01 18:06:19,SE,0
0.88,THB,vW3Dk9uZuJ,97.00,2020-02-01 18:06:19,SE,0
1.9695717884130983,THB,2NPmufdxi4,216.00,2020-02-01 18:02:37,SE,0
1.0577329974811085,THB,2NPmufdxi4,116.00,2020-02-01 18:02:37,SE,0
0.5288664987405542,THB,2NPmufdxi4,58.00,2020-02-01 18:02:37,SE,0
0.0638287153652393,THB,2NPmufdxi4,7.00,2020-02-01 18:02:37,SE,0
15.749999999999998,THB,26xEjb7345,138.00,2020-02-01 18:00:25,SE,0
2.60,CNY,2XR2XAfgpI,372.01,2020-02-02 09:49:28,TM,-2
2.60,CNY,2XR2XAfgpI,372.01,2020-02-02 09:49:28,TM,-2
1.18,THB,70D3UC8UKB,42.00,2020-02-02 11:20:49,TS,1
1.47,THB,70D3UC8UKB,105.00,2020-02-02 11:20:49,TS,1
2.66,THB,70D3UC8UKB,95.00,2020-02-02 11:20:49,TS,1
0.69,THB,70D3UC8UKB,49.00,2020-02-02 11:20:49,TS,1
0.50,THB,70D3UC8UKB,36.00,2020-02-02 11:20:49,TS,1
4.06,THB,70D3UC8UKB,145.00,2020-02-02 11:20:49,TS,1
3.89,THB,70D3UC8UKB,139.00,2020-02-02 11:20:49,TS,1
3.13,THB,70D3UC8UKB,149.00,2020-02-02 11:20:49,TS,1
4.00,THB,70D3UC8UKB,143.00,2020-02-02 11:20:49,TS,1
9.52,THB,70D3UC8UKB,340.00,2020-02-02 11:20:49,TS,1
5.46,THB,70D3UC8UKB,195.00,2020-02-02 11:20:49,TS,1
0.67,THB,70D3UC8UKB,48.00,2020-02-02 11:20:49,TS,1
1.11,THB,70D3UC8UKB,79.00,2020-02-02 11:20:49,TS,1
0.29,THB,70D3UC8UKB,21.00,2020-02-02 11:20:49,TS,1
1.40,THB,70D3UC8UKB,100.00,2020-02-02 11:20:49,TS,1
6.07,THB,70D3UC8UKB,289.00,2020-02-02 11:20:49,TS,1
8.54,THB,70D3UC8UKB,610.00,2020-02-02 11:20:49,TS,1
3.58,THB,70D3UC8UKB,256.00,2020-02-02 11:20:49,TS,1
1.09,THB,70D3UC8UKB,78.00,2020-02-02 11:20:49,TS,1
1.89,THB,70D3UC8UKB,135.00,2020-02-02 11:20:49,TS,1
0.39,THB,70D3UC8UKB,28.00,2020-02-02 11:20:49,TS,1
0.63,THB,70D3UC8UKB,45.00,2020-02-02 11:20:49,TS,1
7.25,THB,70D3UC8UKB,259.00,2020-02-02 11:20:49,TS,1
0.69,THB,70D3UC8UKB,49.00,2020-02-02 11:20:49,TS,1
2.80,THB,70D3UC8UKB,100.00,2020-02-02 11:20:49,TS,1
0.21,THB,70D3UC8UKB,15.00,2020-02-02 11:20:49,TS,1
1.54,THB,70D3UC8UKB,55.00,2020-02-02 11:20:49,TS,1
3.22,THB,70D3UC8UKB,115.00,2020-02-02 11:20:49,TS,1
0.49,THB,70D3UC8UKB,35.00,2020-02-02 11:20:49,TS,1
0.56,THB,70D3UC8UKB,40.00,2020-02-02 11:20:49,TS,1
2.77,THB,70D3UC8UKB,99.00,2020-02-02 11:20:49,TS,1
1.26,THB,70D3UC8UKB,45.00,2020-02-02 11:20:49,TS,1
1.96,THB,70D3UC8UKB,140.00,2020-02-02 11:20:49,TS,1
12.88,THB,70D3UC8UKB,460.00,2020-02-02 11:20:49,TS,1
0.63,THB,70D3UC8UKB,45.00,2020-02-02 11:20:49,TS,1
1.93,THB,2FUq6TSnpF,138.00,2020-02-02 12:56:34,TS,1
6.27,THB,2FUq6TSnpF,448.00,2020-02-02 12:56:34,TS,1
3.47,THB,2FUq6TSnpF,165.00,2020-02-02 12:56:34,TS,1
4.90,THB,2FUq6TSnpF,350.00,2020-02-02 12:56:34,TS,1
2.60,CNY,2vrAqFN0LV,372.00,2020-02-02 15:05:26,TM,-2
2.60,CNY,2vrAqFN0LV,372.00,2020-02-02 15:05:26,TM,-2
2.84,CNY,2vrAqFN0LV,406.00,2020-02-02 15:44:21,TM,-2
2.84,CNY,2vrAqFN0LV,406.00,2020-02-02 15:44:21,TM,-2
40.64,CNY,sQ2lR9Abaf,5805.00,2020-02-02 16:29:35,TM,-2
40.64,CNY,sQ2lR9Abaf,5805.00,2020-02-02 16:29:35,TM,-2
8.78,CNY,MSkoLgIj8i,1254.51,2020-02-02 16:46:28,TM,-2
8.78,CNY,MSkoLgIj8i,1254.51,2020-02-02 16:46:28,TM,-2
10.68,USD,v9vFFAakow,535.76,2020-02-02 20:58:29,KT,2
28.73,AUD,2PSvr18hoQ,456.00,2020-02-02 02:00:00,AA,3
1.5,THB,3CWH3Czz7F,165.00,2020-02-02 07:53:08,SE,0
5.25,THB,2M5xWgKvqo,119.00,2020-02-02 01:51:33,SE,0
0.97,THB,NIy1WBZHHr,107.00,2020-02-02 05:44:02,SE,0
87.14,THB,1wxHjnmKqE,728.00,2020-02-02 17:24:49,SE,0
0.05,THB,3BxK8X0J3P,1.00,2020-02-02 07:02:42,SE,0
0.05,THB,3BxK8X0J3P,1.00,2020-02-02 07:02:42,SE,0
1.084878048780488,THB,j4FLjWxQGz,96.00,2020-02-02 10:52:39,SE,0
1.695121951219512,THB,j4FLjWxQGz,150.00,2020-02-02 10:52:39,SE,0
0.108,THB,YapIHgwvN8,12.00,2020-02-02 17:05:48,SE,0
0.16200000000000003,THB,YapIHgwvN8,18.00,2020-02-02 17:05:48,SE,0
0.76,THB,2zqL2BDZf9,84.00,2020-02-02 15:57:26,SE,0
1.25,THB,2LH04FssmA,137.00,2020-02-02 17:46:57,SE,0
0.62,THB,vW3Dk9uZuJ,68.00,2020-02-02 17:55:08,SE,0
8.78,THB,1iK3Ue4Riu,89.00,2020-02-02 16:08:30,SE,0
0.41999999999999993,THB,1sJINy7VVE,46.00,2020-02-02 17:50:59,SE,0
14.55,THB,2gqF5JqNqB,990.00,2020-02-02 16:08:02,SE,0
19.57,THB,1hW9qADn3J,2150.00,2020-02-02 17:48:51,SE,0
0.592842105263158,THB,ifWpsRJWZy,16.00,2020-02-02 16:07:36,SE,0
0.8121936842105264,THB,ifWpsRJWZy,21.92,2020-02-02 16:07:36,SE,0
2.114964210526316,THB,ifWpsRJWZy,57.08,2020-02-02 16:07:36,SE,0
49.45,THB,2UxhjchjRu,501.00,2020-02-02 17:48:19,SE,0
5.669321722846441,THB,2mzZaRhHM9,114.07,2020-02-02 16:05:50,SE,0
7.600678277153558,THB,2mzZaRhHM9,152.93,2020-02-02 16:05:50,SE,0
0.7647058823529411,THB,2LH04FssmA,52.00,2020-02-02 17:46:57,SE,0
0.4852941176470588,THB,2LH04FssmA,33.00,2020-02-02 17:46:57,SE,0
30.38,THB,MpSy33FpqW,819.00,2020-02-02 07:16:32,SE,0
16.42,THB,nRP9ATivwi,317.00,2020-02-02 17:44:05,SE,0
5.420000000000001,THB,nRP9ATivwi,146.00,2020-02-02 17:44:05,SE,0
24.25,THB,nRP9ATivwi,568.00,2020-02-02 17:44:05,SE,0
0.4099999999999999,THB,2ULRu24xBQ,45.00,2020-02-02 17:19:11,SE,0
1.03,THB,K5DwQhyU7B,113.00,2020-02-02 17:40:46,SE,0
3.37,THB,3HBPFQFvSV,229.00,2020-02-02 16:00:02,SE,0
5.51,THB,3HBPFQFvSV,375.00,2020-02-02 16:00:02,SE,0
0.06432432432432432,THB,Le5opmYKeT,7.00,2020-02-02 17:39:39,SE,0
0.13783783783783785,THB,Le5opmYKeT,15.00,2020-02-02 17:39:39,SE,0
0.13783783783783785,THB,Le5opmYKeT,15.00,2020-02-02 17:39:39,SE,0
0.38,THB,2Nx6m3oNGO,42.00,2020-02-02 15:59:46,SE,0
0.38,THB,2Nx6m3oNGO,42.00,2020-02-02 15:59:46,SE,0
0.45000000000000007,THB,67b1PH00bS,49.00,2020-02-02 17:38:23,SE,0
0.55,THB,67b1PH00bS,60.00,2020-02-02 17:38:23,SE,0
0.2561842105263158,THB,32POWLWJYd,6.00,2020-02-02 17:36:57,SE,0
8.01,THB,2zqL2BDZf9,123.00,2020-02-02 15:57:26,SE,0
0.04269736842105263,THB,32POWLWJYd,1.00,2020-02-02 17:36:57,SE,0
2.6045394736842105,THB,32POWLWJYd,61.00,2020-02-02 17:36:57,SE,0
3.586578947368421,THB,32POWLWJYd,84.00,2020-02-02 17:36:57,SE,0
1.07,THB,2E7sYEwvaB,118.00,2020-02-02 15:52:04,SE,0
1.84,THB,Ol1KCNXAoM,125.00,2020-02-02 15:51:36,SE,0
29.030000000000005,THB,2oh5MftTHU,3190.00,2020-02-02 17:34:49,SE,0
10.96,THB,nkEABGzYYl,870.00,2020-02-02 17:34:20,SE,0
14.05,THB,SILebxoWAp,329.00,2020-02-02 15:50:03,SE,0
4.36,THB,1kxWqedbRu,479.00,2020-02-01 19:58:22,SE,0
1.0315789473684212,THB,46hAm6MLT1,12.00,2020-02-02 17:33:14,SE,0
0.9456140350877194,THB,46hAm6MLT1,11.00,2020-02-02 17:33:14,SE,0
1.46140350877193,THB,46hAm6MLT1,17.00,2020-02-02 17:33:14,SE,0
1.46140350877193,THB,46hAm6MLT1,17.00,2020-02-02 17:33:14,SE,0
12.6,THB,xIJVBfxP3k,295.00,2020-02-02 17:32:15,SE,0
40.47,THB,gzUlEQSxr9,490.00,2020-02-02 17:30:39,SE,0
0.46,THB,Er7cdvizwN,50.00,2020-02-02 15:46:46,SE,0
101.47,THB,3GGcZNl7RQ,1198.00,2020-02-02 15:45:23,SE,0
2.51,THB,agAxa9FovN,276.00,2020-02-02 17:29:11,SE,0
2.03,THB,HEmJqmntjk,138.00,2020-02-02 15:42:30,SE,0
0.54,THB,tKeZJR0T4g,37.00,2020-02-02 15:41:54,SE,0
8.648475609756098,THB,1oZ6wxz5vN,950.00,2020-02-02 17:27:26,SE,0
6.281524390243902,THB,1oZ6wxz5vN,690.00,2020-02-02 17:27:26,SE,0
2.18,THB,2ouqldr6at,240.00,2020-02-02 14:06:15,SE,0
1.7800000000000002,THB,2ouqldr6at,48.00,2020-02-02 14:06:15,SE,0
7.1899999999999995,THB,2ouqldr6at,790.00,2020-02-02 14:06:15,SE,0
86.94945115257958,THB,2ouqldr6at,1365.00,2020-02-02 14:06:15,SE,0
145.17054884742043,THB,2ouqldr6at,2279.00,2020-02-02 14:06:15,SE,0
10.07,THB,2SOXazYVnX,197.00,2020-02-02 15:40:43,SE,0
1.91,THB,HEmJqmntjk,210.00,2020-02-02 15:39:57,SE,0
60.33,THB,29rDNMf5to,390.00,2020-02-02 17:23:43,SE,0
84.0,THB,39TC2S63VJ,543.00,2020-02-02 17:23:32,SE,0
0.593170731707317,THB,30xuYjIn4G,16.00,2020-02-02 17:23:30,SE,0
2.446829268292683,THB,30xuYjIn4G,66.00,2020-02-02 17:23:30,SE,0
28.03,THB,nM3A5nGzb6,1907.00,2020-02-02 14:03:56,SE,0
41.7,THB,HEmJqmntjk,1453.00,2020-02-02 15:37:57,SE,0
5.57,THB,ThOvVGGsYh,442.28,2020-02-02 17:22:08,SE,0
1.66,THB,2NPmufdxi4,113.00,2020-02-02 15:37:10,SE,0
1.26,THB,2AkhVmLMdA,100.00,2020-02-02 17:20:31,SE,0
0.44,THB,1wMMM6ncEH,48.00,2020-02-02 17:20:13,SE,0
21.93,THB,2iUFsqLYhF,591.00,2020-02-02 15:24:36,SE,0
4.28,THB,2t32QQJn6r,97.00,2020-02-02 17:18:40,SE,0
1.91,THB,3EH0H1gSMX,130.00,2020-02-02 17:18:17,SE,0
1.89,THB,1x2gRhR4n2,150.00,2020-02-02 13:55:49,SE,0
2.05,THB,21olISNLWj,225.00,2020-02-02 17:16:11,SE,0
8.53,THB,21olISNLWj,580.00,2020-02-02 17:16:11,SE,0
17.93,THB,21olISNLWj,420.00,2020-02-02 17:16:11,SE,0
1.72,THB,2t4INUFD88,117.00,2020-02-02 15:27:53,SE,0
2.28,THB,uIMzGj3q1l,155.00,2020-02-02 15:27:51,SE,0
2.73,THB,36thD2Nsea,300.00,2020-02-02 15:07:16,SE,0
1.1469584245076585,THB,s62r7Wh57l,78.00,2020-02-02 13:52:28,SE,0
2.5880087527352296,THB,s62r7Wh57l,176.00,2020-02-02 13:52:28,SE,0
1.9410065645514225,THB,s62r7Wh57l,132.00,2020-02-02 13:52:28,SE,0
1.0440262582056892,THB,s62r7Wh57l,71.00,2020-02-02 13:52:28,SE,0
9.74,THB,3GGcZNl7RQ,240.00,2020-02-02 04:43:40,SE,0
108.0281880273202,THB,iYtP4PDT3m,1528.00,2020-02-02 17:14:52,SE,0
67.94181197267979,THB,iYtP4PDT3m,961.00,2020-02-02 17:14:52,SE,0
3.16,THB,aGjgifmiCx,215.00,2020-02-02 15:24:12,SE,0
2.94,THB,2DFQmygNEK,200.00,2020-02-02 15:23:15,SE,0
2.72,THB,ABQma3PU84,299.00,2020-02-02 13:48:10,SE,0
10.83,THB,SFNKy32qUP,218.00,2020-02-02 15:21:55,SE,0
2.84,THB,LxVCm9pRly,193.00,2020-02-02 15:21:54,SE,0
2.8,THB,1nnRj4C00c,308.00,2020-02-02 17:12:05,SE,0
6.73,THB,2M41EHBMyd,458.00,2020-02-02 17:11:30,SE,0
1.531967213114754,THB,aGjgifmiCx,30.00,2020-02-02 15:21:00,SE,0
1.531967213114754,THB,aGjgifmiCx,30.00,2020-02-02 15:21:00,SE,0
1.531967213114754,THB,aGjgifmiCx,30.00,2020-02-02 15:21:00,SE,0
3.86,THB,2GxzAtq7A2,104.00,2020-02-02 13:44:12,SE,0
1.6340983606557375,THB,aGjgifmiCx,32.00,2020-02-02 15:21:00,SE,0
4.066723404255319,THB,20qHFw2T5Q,48.00,2020-02-02 17:10:58,SE,0
4.998680851063829,THB,20qHFw2T5Q,59.00,2020-02-02 17:10:58,SE,0
1.09,THB,20qHFw2T5Q,120.00,2020-02-02 17:10:58,SE,0
4.998680851063829,THB,20qHFw2T5Q,59.00,2020-02-02 17:10:58,SE,0
5.845914893617021,THB,20qHFw2T5Q,69.00,2020-02-02 17:10:58,SE,0
2.78,THB,X2IsBgg31W,189.00,2020-02-02 17:08:29,SE,0
2.78,THB,X2IsBgg31W,189.00,2020-02-02 17:08:29,SE,0
5.513358778625954,THB,26RiDWNeDr,375.00,2020-02-02 11:33:21,SE,0
2.6799999999999997,THB,2BFF3xc3F1,295.00,2020-02-02 15:19:38,SE,0
4.116641221374046,THB,26RiDWNeDr,280.00,2020-02-02 11:33:21,SE,0
70.0,THB,2EFW2cyh62,8188.00,2020-02-02 17:08:08,SE,0
1.18,THB,2DFQmygNEK,80.00,2020-02-02 11:31:49,SE,0
8.0,THB,2kZN6IwVmK,544.00,2020-02-02 13:41:04,SE,0
0.51,THB,YapIHgwvN8,56.00,2020-02-02 17:05:48,SE,0
3.18,THB,YapIHgwvN8,349.00,2020-02-02 17:05:48,SE,0
49.72,THB,DcTSMgvFB1,587.00,2020-02-02 15:16:25,SE,0
585.1,THB,DcTSMgvFB1,5128.00,2020-02-02 15:16:25,SE,0
5.47,THB,W2ToPvhGvJ,84.00,2020-02-02 13:36:54,SE,0
43.38,THB,W2ToPvhGvJ,849.00,2020-02-02 13:36:54,SE,0
3.71,THB,cwEgZCGoUm,100.00,2020-02-02 11:28:02,SE,0
4.81,THB,cwEgZCGoUm,109.00,2020-02-02 11:28:02,SE,0
6.16,THB,cwEgZCGoUm,166.00,2020-02-02 11:28:02,SE,0
4.37,THB,cwEgZCGoUm,99.00,2020-02-02 11:28:02,SE,0
2.08,THB,cwEgZCGoUm,229.00,2020-02-02 11:28:02,SE,0
9.92,THB,cwEgZCGoUm,1090.00,2020-02-02 11:28:02,SE,0
4.12,THB,Fr32bp5TpD,111.00,2020-02-02 13:33:37,SE,0
9.88,THB,PF08lyC8jB,170.00,2020-02-02 16:58:05,SE,0
1.08,THB,coj8tVQCze,119.00,2020-02-02 11:27:16,SE,0
22.91,THB,3Hud5G74nx,2518.00,2020-02-02 13:32:05,SE,0
3.01,THB,coj8tVQCze,59.00,2020-02-02 11:27:16,SE,0
4.97,THB,coj8tVQCze,100.00,2020-02-02 11:27:16,SE,0
0.91,THB,coj8tVQCze,14.00,2020-02-02 11:27:16,SE,0
1.82,THB,coj8tVQCze,49.00,2020-02-02 11:27:16,SE,0
0.3724647887323944,THB,8eTk3ECdf1,41.00,2020-02-02 15:14:48,SE,0
1.95,THB,2EOaIduBk4,30.00,2020-02-02 13:30:53,SE,0
0.2271126760563381,THB,8eTk3ECdf1,25.00,2020-02-02 15:14:48,SE,0
4.79,THB,TF8TjPOI36,129.00,2020-02-02 15:14:45,SE,0
0.19985915492957748,THB,8eTk3ECdf1,22.00,2020-02-02 15:14:48,SE,0
0.75,THB,TF8TjPOI36,82.00,2020-02-02 15:14:45,SE,0
0.19985915492957748,THB,8eTk3ECdf1,22.00,2020-02-02 15:14:48,SE,0
0.09084507042253524,THB,8eTk3ECdf1,10.00,2020-02-02 15:14:48,SE,0
0.19985915492957748,THB,8eTk3ECdf1,22.00,2020-02-02 15:14:48,SE,0
0.32770301624129927,THB,E1VFC4BTgo,36.00,2020-02-01 23:21:17,SE,0
1.6385150812064964,THB,E1VFC4BTgo,180.00,2020-02-01 23:21:17,SE,0
5.689288476411446,THB,E1VFC4BTgo,625.00,2020-02-01 23:21:17,SE,0
31.13,THB,2F70pE4s9D,2470.78,2020-02-02 11:26:03,SE,0
14.109435421500386,THB,E1VFC4BTgo,1550.00,2020-02-01 23:21:17,SE,0
1.775058004640371,THB,E1VFC4BTgo,195.00,2020-02-01 23:21:17,SE,0
6.389560439560439,THB,0nzD2nbAya,145.00,2020-02-02 13:28:57,SE,0
5.64043956043956,THB,0nzD2nbAya,128.00,2020-02-02 13:28:57,SE,0
0.71,THB,3F1peVSs20,78.00,2020-02-02 15:12:37,SE,0
0.71,THB,3F1peVSs20,78.00,2020-02-02 15:12:37,SE,0
3.41,THB,3GgyEakuGm,92.00,2020-02-02 15:12:35,SE,0
2.49,THB,ENClgP094w,67.00,2020-02-02 15:11:23,SE,0
0.23,THB,2wuizj7Wtw,25.00,2020-02-02 15:11:12,SE,0
2.89,THB,2wuizj7Wtw,78.00,2020-02-02 15:11:12,SE,0
12.87,THB,mMFozVS5v2,259.00,2020-02-02 15:11:10,SE,0
0.24,THB,19gAp9f1jG,26.00,2020-02-02 16:52:27,SE,0
0.24,THB,19gAp9f1jG,26.00,2020-02-02 16:52:27,SE,0
0.24,THB,19gAp9f1jG,26.00,2020-02-02 16:52:27,SE,0
0.24,THB,19gAp9f1jG,26.00,2020-02-02 16:52:27,SE,0
0.24,THB,19gAp9f1jG,26.00,2020-02-02 16:52:27,SE,0
0.24,THB,19gAp9f1jG,26.00,2020-02-02 16:52:27,SE,0
1.28,THB,knSzdvS7Q0,30.00,2020-02-02 13:22:13,SE,0
1.28,THB,knSzdvS7Q0,30.00,2020-02-02 13:22:13,SE,0
6.44,THB,3AR8Ep7z0C,99.00,2020-02-02 13:21:17,SE,0
2.37,THB,XmHNnUQiZY,260.00,2020-02-02 16:50:54,SE,0
92.48,THB,1t4Sk0IN28,1308.00,2020-02-02 15:10:18,SE,0
29.030000000000005,THB,3CRWFtcqya,3190.00,2020-02-02 16:50:37,SE,0
22.57,THB,zLuud878EV,2480.00,2020-02-02 11:17:06,SE,0
13.22,THB,1v1ACKMQhG,899.00,2020-02-02 13:20:38,SE,0
1.52,THB,2DrhRPvh7m,167.00,2020-02-02 16:50:21,SE,0
1.04,THB,2DrhRPvh7m,28.00,2020-02-02 16:50:21,SE,0
10.55,THB,2vAfnmKcZ4,718.00,2020-02-02 13:19:45,SE,0
87.56,THB,eN0v2rVAA0,2360.00,2020-02-02 13:18:01,SE,0
4.82,THB,8YuuMRRSxl,130.00,2020-02-02 06:02:00,SE,0
0.892,THB,34JZ96smzg,24.00,2020-02-02 11:14:43,SE,0
0.68,THB,Da1HYEO2Km,75.00,2020-02-02 16:49:18,SE,0
1.338,THB,34JZ96smzg,36.00,2020-02-02 11:14:43,SE,0
4.9,THB,1o4ZHE0OWc,539.00,2020-02-02 16:49:00,SE,0
19.34,THB,2xb3OKJDgO,2125.00,2020-02-02 11:14:23,SE,0
5.84,THB,lJZSZ2QjHR,642.00,2020-02-02 11:14:22,SE,0
1.81,THB,b5NdPaYi58,199.00,2020-02-02 15:04:44,SE,0
1.01,THB,6Ugx8AACPA,69.00,2020-02-02 11:13:05,SE,0
4.45,THB,YP8YnjnxSs,489.00,2020-02-02 16:48:05,SE,0
1.16,THB,OXmIcVXdnB,127.00,2020-02-02 13:13:00,SE,0
4.19,THB,2anl3kimX9,113.00,2020-02-02 15:01:19,SE,0
0.9295081967213116,THB,J8DBnBOdTS,63.00,2020-02-02 16:45:47,SE,0
0.8704918032786886,THB,J8DBnBOdTS,59.00,2020-02-02 16:45:47,SE,0
2.7785667752442995,THB,LQjbrY1d55,63.00,2020-02-02 16:45:46,SE,0
10.7614332247557,THB,LQjbrY1d55,244.00,2020-02-02 16:45:46,SE,0
0.01,THB,iyD7DmdYMH,1.00,2020-02-02 07:01:40,SE,0
5.15,THB,6ug3g6S1Fi,350.00,2020-02-02 13:09:24,SE,0
0.1726566757493188,THB,W2nCS18XIX,19.00,2020-02-02 16:44:10,SE,0
6.088667850799289,THB,1gYsFVpwIZ,414.00,2020-02-02 14:57:33,SE,0
1.5811716621253409,THB,W2nCS18XIX,174.00,2020-02-02 16:44:10,SE,0
2.1913321492007105,THB,1gYsFVpwIZ,149.00,2020-02-02 14:57:33,SE,0
2.36,THB,XpwrzyjaUA,259.00,2020-02-02 16:43:31,SE,0
2.4808038147138967,THB,W2nCS18XIX,273.00,2020-02-02 16:44:10,SE,0
0.508882833787466,THB,W2nCS18XIX,56.00,2020-02-02 16:44:10,SE,0
1.9264850136239784,THB,W2nCS18XIX,212.00,2020-02-02 16:44:10,SE,0
2.28,THB,2jqtwLyBJD,250.00,2020-02-02 14:57:06,SE,0
1.46,THB,d0KlxS4ku0,160.00,2020-02-02 13:04:19,SE,0
2.7486746987951807,THB,30RV5sndlI,187.00,2020-02-02 14:55:53,SE,0
0.6920851063829786,THB,pD3ecbheZp,76.00,2020-02-02 16:42:45,SE,0
2.7486746987951807,THB,30RV5sndlI,187.00,2020-02-02 14:55:53,SE,0
1.447914893617021,THB,pD3ecbheZp,159.00,2020-02-02 16:42:45,SE,0
2.7486746987951807,THB,30RV5sndlI,187.00,2020-02-02 14:55:53,SE,0
2.733975903614458,THB,30RV5sndlI,186.00,2020-02-02 14:55:53,SE,0
3.15,THB,hOsh2X5GJI,249.95,2020-02-02 11:02:49,SE,0
0.08068965517241379,THB,2hhUbG4QMj,9.00,2020-02-02 13:03:45,SE,0
0.21036585365853655,THB,39xsrZDnRc,23.00,2020-02-02 16:42:12,SE,0
0.12804878048780488,THB,39xsrZDnRc,14.00,2020-02-02 16:42:12,SE,0
0.1255172413793103,THB,2hhUbG4QMj,14.00,2020-02-02 13:03:45,SE,0
0.053793103448275856,THB,2hhUbG4QMj,6.00,2020-02-02 13:03:45,SE,0
0.4115853658536585,THB,39xsrZDnRc,45.00,2020-02-02 16:42:12,SE,0
0.053793103448275856,THB,2hhUbG4QMj,6.00,2020-02-02 13:03:45,SE,0
1.04,THB,t0QVGxLWfu,71.00,2020-02-02 11:02:33,SE,0
0.053793103448275856,THB,2hhUbG4QMj,6.00,2020-02-02 13:03:45,SE,0
2.7,THB,j4FLjWxQGz,297.00,2020-02-02 11:02:18,SE,0
0.8199999999999998,THB,HhGhHgMO90,90.00,2020-02-02 14:53:37,SE,0
0.053793103448275856,THB,2hhUbG4QMj,6.00,2020-02-02 13:03:45,SE,0
0.6186206896551724,THB,2hhUbG4QMj,69.00,2020-02-02 13:03:45,SE,0
47.55,THB,1fqQzAfZIv,999.00,2020-02-02 11:01:37,SE,0
2.09,THB,2BQvchYjZ9,142.00,2020-02-02 16:38:59,SE,0
5.978052283826487,THB,8Bq7SR6JoW,140.00,2020-02-02 13:01:18,SE,0
142.6619477161735,THB,8Bq7SR6JoW,3341.00,2020-02-02 13:01:18,SE,0
1.43,THB,Ribbxku44s,97.00,2020-02-02 13:01:11,SE,0
1.16,THB,1mYKwN4uB8,79.00,2020-02-02 16:38:26,SE,0
0.01,THB,1mYKwN4uB8,1.00,2020-02-02 16:38:26,SE,0
0.01,THB,1mYKwN4uB8,1.00,2020-02-02 16:38:26,SE,0
0.01,THB,1mYKwN4uB8,1.00,2020-02-02 16:38:26,SE,0
2.15,THB,tph6ytwr2b,236.00,2020-02-02 11:00:13,SE,0
0.04,THB,1mYKwN4uB8,1.00,2020-02-02 16:38:26,SE,0
0.04,THB,1mYKwN4uB8,1.00,2020-02-02 16:38:26,SE,0
0.04,THB,1mYKwN4uB8,1.00,2020-02-02 16:38:26,SE,0
0.8999999999999999,THB,3AaVB0IAeA,99.00,2020-02-02 16:38:25,SE,0
0.04,THB,1mYKwN4uB8,1.00,2020-02-02 16:38:26,SE,0
0.04,THB,1mYKwN4uB8,1.00,2020-02-02 16:38:26,SE,0
0.04,THB,1mYKwN4uB8,1.00,2020-02-02 16:38:26,SE,0
29.27,THB,WeopzNp8R6,789.00,2020-02-02 12:59:02,SE,0
5.57,THB,22PdzxIh3y,150.00,2020-02-02 10:58:41,SE,0
0.77,THB,2kwIucBwxY,85.00,2020-02-02 16:35:59,SE,0
0.371816513761468,THB,1o4ZHE0OWc,40.80,2020-02-02 16:35:23,SE,0
1.1209174311926609,THB,1o4ZHE0OWc,123.00,2020-02-02 16:35:23,SE,0
1.4872660550458718,THB,1o4ZHE0OWc,163.20,2020-02-02 16:35:23,SE,0
4.55,THB,2tf3Qdnr9l,500.00,2020-02-02 10:55:13,SE,0
0.13630434782608694,THB,3CkdQ3p9fn,15.00,2020-02-02 14:49:07,SE,0
0.1272173913043478,THB,3CkdQ3p9fn,14.00,2020-02-02 14:49:07,SE,0
0.3725652173913043,THB,3CkdQ3p9fn,41.00,2020-02-02 14:49:07,SE,0
0.2726086956521739,THB,3CkdQ3p9fn,30.00,2020-02-02 14:49:07,SE,0
24.27,THB,WGT0UIrVR8,475.00,2020-02-02 14:48:41,SE,0
0.13630434782608694,THB,3CkdQ3p9fn,15.00,2020-02-02 14:49:07,SE,0
0.1544782608695652,THB,3CkdQ3p9fn,17.00,2020-02-02 14:49:07,SE,0
0.1544782608695652,THB,3CkdQ3p9fn,17.00,2020-02-02 14:49:07,SE,0
0.1272173913043478,THB,3CkdQ3p9fn,14.00,2020-02-02 14:49:07,SE,0
0.4725217391304347,THB,3CkdQ3p9fn,52.00,2020-02-02 14:49:07,SE,0
0.13630434782608694,THB,3CkdQ3p9fn,15.00,2020-02-02 14:49:07,SE,0
0.03712230215827338,THB,iuNba7zPIm,1.00,2020-02-02 10:37:22,SE,0
2.041726618705036,THB,iuNba7zPIm,55.00,2020-02-02 10:37:22,SE,0
2.041726618705036,THB,iuNba7zPIm,55.00,2020-02-02 10:37:22,SE,0
0.03712230215827338,THB,iuNba7zPIm,1.00,2020-02-02 10:37:22,SE,0
0.03712230215827338,THB,iuNba7zPIm,1.00,2020-02-02 10:37:22,SE,0
0.965179856115108,THB,iuNba7zPIm,26.00,2020-02-02 10:37:22,SE,0
5.94,THB,2qyrzolqKw,139.00,2020-02-02 16:32:52,SE,0
0.27,THB,wWhBIO2X5g,30.00,2020-02-02 16:31:43,SE,0
0.27,THB,wWhBIO2X5g,30.00,2020-02-02 16:31:43,SE,0
3.12,THB,1o4ZHE0OWc,84.00,2020-02-02 16:31:27,SE,0
1.82,THB,zDdXjrS5ai,200.00,2020-02-02 14:43:06,SE,0
8.54,THB,zDdXjrS5ai,200.00,2020-02-02 14:43:06,SE,0
4.94,THB,2oP6iw1shl,336.00,2020-02-02 16:26:01,SE,0
8.16,THB,1nnRj4C00c,185.00,2020-02-02 14:42:20,SE,0
3.402608695652174,THB,nLCmUul5L7,43.00,2020-02-02 16:25:37,SE,0
8.16,THB,1nnRj4C00c,185.00,2020-02-02 14:42:20,SE,0
2.057391304347826,THB,nLCmUul5L7,26.00,2020-02-02 16:25:37,SE,0
5.08,THB,yIAyuepU6U,119.00,2020-02-02 16:25:35,SE,0
5.08,THB,yIAyuepU6U,119.00,2020-02-02 16:25:35,SE,0
20.89,THB,His4cKLPzm,328.00,2020-02-02 10:42:20,SE,0
15.25,THB,BuzphmMUu8,269.00,2020-02-02 14:39:59,SE,0
8.61,THB,vDvQvNCzG2,946.00,2020-02-02 16:24:23,SE,0
48.35,THB,EUaIVkoYez,3289.00,2020-02-02 14:39:31,SE,0
0.49326346153846146,THB,2b22T1UtAz,13.29,2020-02-02 12:50:14,SE,0
1.4367365384615385,THB,2b22T1UtAz,38.71,2020-02-02 12:50:14,SE,0
1.21125,THB,EXmjGM8vdQ,133.00,2020-02-02 10:39:08,SE,0
1.33875,THB,EXmjGM8vdQ,147.00,2020-02-02 10:39:08,SE,0
0.09,THB,2bBzkSgZrk,7.50,2020-02-02 14:39:07,SE,0
2.0,THB,3AaVB0IAeA,220.00,2020-02-02 16:23:09,SE,0
2.0,THB,3AaVB0IAeA,220.00,2020-02-02 16:23:09,SE,0
2.18,THB,2WHWQp6AH3,240.00,2020-02-02 16:22:41,SE,0
0.368421052631579,THB,2T4vvRnkKe,25.00,2020-02-02 10:36:16,SE,0
2.603658536585366,THB,2rI1Fi2Uez,61.00,2020-02-02 14:38:27,SE,0
0.19157894736842107,THB,2T4vvRnkKe,13.00,2020-02-02 10:36:16,SE,0
2.91,THB,nsu5SsQOVR,198.00,2020-02-02 16:22:27,SE,0
0.8963414634146342,THB,2rI1Fi2Uez,21.00,2020-02-02 14:38:27,SE,0
57.88000000000001,THB,nsu5SsQOVR,1560.00,2020-02-02 16:22:27,SE,0
1.5186407766990293,THB,2rI1Fi2Uez,66.00,2020-02-02 14:38:27,SE,0
0.8513592233009709,THB,2rI1Fi2Uez,37.00,2020-02-02 14:38:27,SE,0
0.68,THB,30xuYjIn4G,75.00,2020-02-02 16:17:50,SE,0
3.5245,THB,3C163nMNHH,95.00,2020-02-02 10:35:30,SE,0
3.8955,THB,3C163nMNHH,105.00,2020-02-02 10:35:30,SE,0
0.14769230769230768,THB,zMtCKMZlCy,10.00,2020-02-02 12:48:23,SE,0
0.14769230769230768,THB,zMtCKMZlCy,10.00,2020-02-02 12:48:23,SE,0
1.17,THB,1wMMM6ncEH,129.00,2020-02-02 12:47:38,SE,0
0.14769230769230768,THB,zMtCKMZlCy,10.00,2020-02-02 12:48:23,SE,0
0.14769230769230768,THB,zMtCKMZlCy,10.00,2020-02-02 12:48:23,SE,0
0.14769230769230768,THB,zMtCKMZlCy,10.00,2020-02-02 12:48:23,SE,0
0.29538461538461536,THB,zMtCKMZlCy,20.00,2020-02-02 12:48:23,SE,0
0.15,THB,3Fnw8tI5XX,17.00,2020-02-02 10:34:14,SE,0
0.14769230769230768,THB,zMtCKMZlCy,10.00,2020-02-02 12:48:23,SE,0
0.15,THB,3Fnw8tI5XX,17.00,2020-02-02 10:34:14,SE,0
0.29538461538461536,THB,zMtCKMZlCy,20.00,2020-02-02 12:48:23,SE,0
0.15,THB,3Fnw8tI5XX,17.00,2020-02-02 10:34:14,SE,0
0.85,THB,2H9jCOUmMT,58.00,2020-02-02 16:19:52,SE,0
0.29538461538461536,THB,zMtCKMZlCy,20.00,2020-02-02 12:48:23,SE,0
0.15,THB,3Fnw8tI5XX,17.00,2020-02-02 10:34:14,SE,0
0.14769230769230768,THB,zMtCKMZlCy,10.00,2020-02-02 12:48:23,SE,0
0.29538461538461536,THB,zMtCKMZlCy,20.00,2020-02-02 12:48:23,SE,0
0.29538461538461536,THB,zMtCKMZlCy,20.00,2020-02-02 12:48:23,SE,0
0.14769230769230768,THB,zMtCKMZlCy,10.00,2020-02-02 12:48:23,SE,0
0.1820610687022901,THB,1nnRj4C00c,20.00,2020-02-02 14:37:32,SE,0
0.14769230769230768,THB,zMtCKMZlCy,10.00,2020-02-02 12:48:23,SE,0
1.4291793893129774,THB,1nnRj4C00c,157.00,2020-02-02 14:37:32,SE,0
0.14769230769230768,THB,zMtCKMZlCy,10.00,2020-02-02 12:48:23,SE,0
0.3186068702290077,THB,1nnRj4C00c,35.00,2020-02-02 14:37:32,SE,0
0.14769230769230768,THB,zMtCKMZlCy,10.00,2020-02-02 12:48:23,SE,0
0.7646564885496184,THB,1nnRj4C00c,84.00,2020-02-02 14:37:32,SE,0
0.14769230769230768,THB,zMtCKMZlCy,10.00,2020-02-02 12:48:23,SE,0
1.6021374045801529,THB,1nnRj4C00c,176.00,2020-02-02 14:37:32,SE,0
0.14769230769230768,THB,zMtCKMZlCy,10.00,2020-02-02 12:48:23,SE,0
1.4200763358778627,THB,1nnRj4C00c,156.00,2020-02-02 14:37:32,SE,0
0.29538461538461536,THB,zMtCKMZlCy,20.00,2020-02-02 12:48:23,SE,0
0.14769230769230768,THB,zMtCKMZlCy,10.00,2020-02-02 12:48:23,SE,0
0.8920992366412215,THB,1nnRj4C00c,98.00,2020-02-02 14:37:32,SE,0
0.7555534351145039,THB,1nnRj4C00c,83.00,2020-02-02 14:37:32,SE,0
0.9649236641221376,THB,1nnRj4C00c,106.00,2020-02-02 14:37:32,SE,0
2.17,THB,2M9UdHR75j,239.00,2020-02-02 14:37:17,SE,0
0.7555534351145039,THB,1nnRj4C00c,83.00,2020-02-02 14:37:32,SE,0
0.45515267175572527,THB,1nnRj4C00c,50.00,2020-02-02 14:37:32,SE,0
1.3,THB,30xuYjIn4G,143.00,2020-02-02 16:17:50,SE,0
16.35,THB,wmGAXp0WWn,1797.00,2020-02-02 10:29:42,SE,0
2.36,THB,AZHpQV9H68,180.00,2020-02-02 14:36:19,SE,0
5.9,THB,AZHpQV9H68,450.00,2020-02-02 14:36:19,SE,0
0.37,THB,2CcgT6pPOX,25.00,2020-02-02 10:29:23,SE,0
0.3342857142857143,THB,2gXIQn6q3m,9.00,2020-02-02 12:43:05,SE,0
0.18571428571428572,THB,2gXIQn6q3m,5.00,2020-02-02 12:43:05,SE,0
4.17,THB,oAI0fjbn1S,458.00,2020-02-02 14:34:29,SE,0
57.51,THB,J5cPkhI45h,727.00,2020-02-02 10:27:43,SE,0
14.61,THB,J5cPkhI45h,146.00,2020-02-02 10:27:43,SE,0
1.99,THB,VRD8RQVRsO,219.00,2020-02-02 12:41:37,SE,0
1.3725806451612903,THB,4y6zOORqTk,37.00,2020-02-02 10:24:52,SE,0
0.9274193548387096,THB,4y6zOORqTk,25.00,2020-02-02 10:24:52,SE,0
0.5232158415841585,THB,iVIaYCmgY0,57.44,2020-02-02 16:14:17,SE,0
1.3167841584158415,THB,iVIaYCmgY0,144.56,2020-02-02 16:14:17,SE,0
0.03,THB,shHJlcTHoF,3.00,2020-02-02 16:13:52,SE,0
0.04,THB,shHJlcTHoF,1.00,2020-02-02 16:13:52,SE,0
0.04,THB,shHJlcTHoF,1.00,2020-02-02 16:13:52,SE,0
0.3552739726027398,THB,9yTvK58myZ,39.00,2020-02-01 20:17:50,SE,0
0.3552739726027398,THB,9yTvK58myZ,39.00,2020-02-01 20:17:50,SE,0
0.3552739726027398,THB,9yTvK58myZ,39.00,2020-02-01 20:17:50,SE,0
0.45547945205479456,THB,9yTvK58myZ,50.00,2020-02-01 20:17:50,SE,0
0.4099315068493151,THB,9yTvK58myZ,45.00,2020-02-01 20:17:50,SE,0
0.4099315068493151,THB,9yTvK58myZ,45.00,2020-02-01 20:17:50,SE,0
0.4099315068493151,THB,9yTvK58myZ,45.00,2020-02-01 20:17:50,SE,0
0.19,THB,Wi0Dh9wXa9,15.00,2020-02-02 14:29:55,SE,0
0.4099315068493151,THB,9yTvK58myZ,45.00,2020-02-01 20:17:50,SE,0
0.4099315068493151,THB,9yTvK58myZ,45.00,2020-02-01 20:17:50,SE,0
0.4372602739726028,THB,9yTvK58myZ,48.00,2020-02-01 20:17:50,SE,0
0.4372602739726028,THB,9yTvK58myZ,48.00,2020-02-01 20:17:50,SE,0
0.4372602739726028,THB,9yTvK58myZ,48.00,2020-02-01 20:17:50,SE,0
0.4372602739726028,THB,9yTvK58myZ,48.00,2020-02-01 20:17:50,SE,0
2.09,THB,PwIoLOv5bb,49.00,2020-02-02 14:26:10,SE,0
2.18,THB,itppTQ3GIn,148.00,2020-02-02 16:11:15,SE,0
4.54,THB,1uxJY0DaXr,499.00,2020-02-02 16:11:14,SE,0
0.63,THB,RkXzXD5xGj,69.00,2020-02-02 10:17:38,SE,0
2.37,THB,PmlFaaXLnS,64.00,2020-02-02 16:10:30,SE,0
59.25000000000001,THB,2y5YbHdbn4,749.00,2020-02-02 10:16:19,SE,0
2.41,THB,2cPl6evPzo,265.00,2020-02-02 12:29:16,SE,0
1.85,THB,2Wbc0ahHLA,203.00,2020-02-02 10:15:49,SE,0
8.62,THB,Qd24gg1Ypm,109.00,2020-02-02 16:08:40,SE,0
2.34,THB,knSzdvS7Q0,63.00,2020-02-02 10:14:45,SE,0
3.63,THB,rH5qvFoOAf,399.00,2020-02-02 12:29:10,SE,0
0.0814012738853503,THB,2hhUbG4QMj,9.00,2020-02-02 12:28:24,SE,0
0.0814012738853503,THB,2hhUbG4QMj,9.00,2020-02-02 12:28:24,SE,0
5.218398474737846,THB,2hqliJylZs,355.00,2020-02-02 09:20:27,SE,0
1.2571974522292992,THB,2hhUbG4QMj,139.00,2020-02-02 12:28:24,SE,0
5.130200190657769,THB,2hqliJylZs,349.00,2020-02-02 09:20:27,SE,0
5.071401334604385,THB,2hqliJylZs,345.00,2020-02-02 09:20:27,SE,0
2.82,THB,1hN4FA54Hv,66.00,2020-02-02 14:23:16,SE,0
1.34,THB,2hqliJylZs,147.00,2020-02-02 09:20:27,SE,0
3.14,THB,2hqliJylZs,345.00,2020-02-02 09:20:27,SE,0
6.69235668789809,THB,zMtCKMZlCy,79.00,2020-02-02 09:20:25,SE,0
6.607643312101912,THB,zMtCKMZlCy,78.00,2020-02-02 09:20:25,SE,0
2.99,THB,zMtCKMZlCy,70.00,2020-02-02 09:20:25,SE,0
0.77,THB,1wMMM6ncEH,85.00,2020-02-02 10:12:43,SE,0
0.6405228758169934,THB,zMtCKMZlCy,15.00,2020-02-02 09:20:25,SE,0
5.5511982570806095,THB,zMtCKMZlCy,130.00,2020-02-02 09:20:25,SE,0
7.28,THB,zMtCKMZlCy,495.00,2020-02-02 09:20:25,SE,0
3.373420479302832,THB,zMtCKMZlCy,79.00,2020-02-02 09:20:25,SE,0
6.76,THB,zMtCKMZlCy,460.00,2020-02-02 09:20:25,SE,0
0.75,THB,GXL4bgOGtZ,82.00,2020-02-02 10:12:30,SE,0
1.5372549019607842,THB,zMtCKMZlCy,36.00,2020-02-02 09:20:25,SE,0
0.75,THB,GXL4bgOGtZ,82.00,2020-02-02 10:12:30,SE,0
0.41,THB,GXL4bgOGtZ,45.00,2020-02-02 10:12:30,SE,0
2.5193899782135074,THB,zMtCKMZlCy,59.00,2020-02-02 09:20:25,SE,0
2.5193899782135074,THB,zMtCKMZlCy,59.00,2020-02-02 09:20:25,SE,0
7.95,THB,GXL4bgOGtZ,160.00,2020-02-02 10:12:30,SE,0
0.8200000000000001,THB,GXL4bgOGtZ,90.00,2020-02-02 10:12:30,SE,0
2.5193899782135074,THB,zMtCKMZlCy,59.00,2020-02-02 09:20:25,SE,0
2.424695121951219,THB,zMtCKMZlCy,165.00,2020-02-02 09:20:25,SE,0
0.939433551198257,THB,zMtCKMZlCy,22.00,2020-02-02 09:20:25,SE,0
9.331402439024387,THB,zMtCKMZlCy,635.00,2020-02-02 09:20:25,SE,0
1.731774647887324,THB,2e1iIMQsYo,118.00,2020-02-02 12:23:49,SE,0
1.351951219512195,THB,zMtCKMZlCy,92.00,2020-02-02 09:20:25,SE,0
1.6290422535211269,THB,2e1iIMQsYo,111.00,2020-02-02 12:23:49,SE,0
1.351951219512195,THB,zMtCKMZlCy,92.00,2020-02-02 09:20:25,SE,0
1.8491830985915496,THB,2e1iIMQsYo,126.00,2020-02-02 12:23:49,SE,0
15.14,THB,2e6DWdYoi5,408.00,2020-02-02 09:19:30,SE,0
30.24,THB,ugB56TEIvq,357.00,2020-02-02 10:11:14,SE,0
1.5499999999999998,THB,4y6zOORqTk,170.00,2020-02-02 14:20:00,SE,0
12.37,THB,34aiZwHf2K,190.00,2020-02-02 12:23:09,SE,0
69.99999999999999,THB,iyD7DmdYMH,8757.33,2020-02-02 10:09:51,SE,0
2.64,THB,C370mXifNM,290.00,2020-02-02 14:19:13,SE,0
20.47,THB,2FBrFIsQsF,2249.00,2020-02-02 10:09:42,SE,0
14.86,THB,C370mXifNM,1011.00,2020-02-02 14:19:13,SE,0
19.03,THB,2ET0TuhW4G,159.00,2020-02-02 09:17:24,SE,0
12.76,THB,zY09dG5fPe,868.00,2020-02-02 14:18:31,SE,0
0.55,THB,r4HDpiVJUM,60.00,2020-02-02 14:18:10,SE,0
5.16,THB,3GPiMqmk4u,101.00,2020-02-02 10:06:37,SE,0
4.16,THB,uZH94rqEj2,283.00,2020-02-02 10:05:14,SE,0
1.1975,THB,4zAOTkbmeB,10.00,2020-02-02 14:16:46,SE,0
1.03,THB,2i2f7RjYEy,113.00,2020-02-02 14:16:19,SE,0
1.07775,THB,4zAOTkbmeB,9.00,2020-02-02 14:16:46,SE,0
0.66,THB,9CdzFFRG6U,52.50,2020-02-02 09:13:55,SE,0
3.1134999999999997,THB,4zAOTkbmeB,26.00,2020-02-02 14:16:46,SE,0
0.958,THB,4zAOTkbmeB,8.00,2020-02-02 14:16:46,SE,0
0.11975,THB,4zAOTkbmeB,1.00,2020-02-02 14:16:46,SE,0
3.1134999999999997,THB,4zAOTkbmeB,26.00,2020-02-02 14:16:46,SE,0
2.189848484848485,THB,888ZbY9MTi,149.00,2020-02-02 14:16:17,SE,0
0.6172727272727273,THB,888ZbY9MTi,42.00,2020-02-02 14:16:17,SE,0
0.5437878787878788,THB,888ZbY9MTi,37.00,2020-02-02 14:16:17,SE,0
1.072878787878788,THB,888ZbY9MTi,73.00,2020-02-02 14:16:17,SE,0
0.485,THB,888ZbY9MTi,33.00,2020-02-02 14:16:17,SE,0
0.47030303030303033,THB,888ZbY9MTi,32.00,2020-02-02 14:16:17,SE,0
0.4409090909090909,THB,888ZbY9MTi,30.00,2020-02-02 14:16:17,SE,0
0.72,THB,zzmTXl9Aip,79.00,2020-02-02 09:09:57,SE,0
63.66,THB,2gORlgYAE9,1716.00,2020-02-02 14:13:36,SE,0
0.9268583081173531,THB,qOHefbhoII,21.03,2020-02-02 03:29:25,SE,0
0.7386666666666668,THB,tthRLXo3b2,20.00,2020-02-02 09:07:51,SE,0
1.2314037626628078,THB,qOHefbhoII,27.94,2020-02-02 03:29:25,SE,0
0.6278666666666668,THB,tthRLXo3b2,17.00,2020-02-02 09:07:51,SE,0
1.1917379292198398,THB,qOHefbhoII,27.04,2020-02-02 03:29:25,SE,0
67.9,THB,pd2yXA0vxy,7461.00,2020-02-02 14:12:29,SE,0
0.7017333333333334,THB,tthRLXo3b2,19.00,2020-02-02 09:07:51,SE,0
0.7017333333333334,THB,tthRLXo3b2,19.00,2020-02-02 09:07:51,SE,0
8.72,THB,OA9Xie4ugN,235.00,2020-02-02 12:13:41,SE,0
4.01,THB,jOvX1ESa5j,106.00,2020-02-02 09:04:39,SE,0
9.588730158730158,THB,230R19YNzC,193.00,2020-02-02 09:04:26,SE,0
9.19126984126984,THB,230R19YNzC,185.00,2020-02-02 09:04:26,SE,0
0.94,THB,1mSrr4Y1MD,22.00,2020-02-02 09:04:11,SE,0
0.94,THB,1mSrr4Y1MD,22.00,2020-02-02 09:04:11,SE,0
1.5700000000000005,THB,1mSrr4Y1MD,172.00,2020-02-02 09:04:11,SE,0
218.71,THB,2LwFM1MX2G,2765.00,2020-02-02 07:21:45,SE,0
1.37,THB,1mSrr4Y1MD,150.00,2020-02-02 09:04:11,SE,0
1.23,THB,1mSrr4Y1MD,135.00,2020-02-02 09:04:11,SE,0
1.187450980392157,THB,2fiLTGGAs1,32.00,2020-02-02 07:21:05,SE,0
2.5233333333333334,THB,2fiLTGGAs1,68.00,2020-02-02 07:21:05,SE,0
2.5975490196078432,THB,2fiLTGGAs1,70.00,2020-02-02 07:21:05,SE,0
1.2616666666666667,THB,2fiLTGGAs1,34.00,2020-02-02 07:21:05,SE,0
7.000000000000001,THB,2oiCfNbdlC,164.00,2020-02-02 12:08:01,SE,0
17.84,THB,2XH2NuJHrd,1960.00,2020-02-02 11:42:42,SE,0
1.11,THB,jOvX1ESa5j,30.00,2020-02-02 09:02:33,SE,0
8.16,THB,2ULE0zNEsU,220.00,2020-02-02 10:02:24,SE,0
0.8000000000000002,THB,2OQcbYA9qx,88.00,2020-02-02 07:20:20,SE,0
3.82,THB,2XH2NuJHrd,420.00,2020-02-02 12:03:22,SE,0
19.726947835738063,THB,1pPuelgu16,303.00,2020-02-02 07:20:15,SE,0
2.5189294117647054,THB,1pPuelgu16,38.69,2020-02-02 07:20:15,SE,0
1.09,THB,2HPOc2lL3F,120.00,2020-02-02 07:20:02,SE,0
7.1615982241953375,THB,1pPuelgu16,110.00,2020-02-02 07:20:15,SE,0
29.252524528301883,THB,1pPuelgu16,449.31,2020-02-02 07:20:15,SE,0
2.65,THB,2HPOc2lL3F,180.00,2020-02-02 07:20:02,SE,0
63.35999999999999,THB,Ahh8PMWyvw,801.00,2020-02-02 08:59:25,SE,0
1.03,THB,OA9Xie4ugN,113.00,2020-02-02 12:01:06,SE,0
2.4570000000000003,THB,2HPOc2lL3F,270.00,2020-02-02 07:20:02,SE,0
2.4115,THB,2HPOc2lL3F,265.00,2020-02-02 07:20:02,SE,0
2.4115,THB,2HPOc2lL3F,265.00,2020-02-02 07:20:02,SE,0
0.62,THB,30G6N7vJIK,68.00,2020-02-02 08:58:45,SE,0
4.1884236453201975,THB,2Mj9zeDuRi,95.00,2020-02-02 09:59:04,SE,0
0.9790625,THB,30G6N7vJIK,26.00,2020-02-02 08:58:45,SE,0
2.1603448275862074,THB,2Mj9zeDuRi,49.00,2020-02-02 09:59:04,SE,0
12.352964763061967,THB,2vhbEzIp11,333.00,2020-02-02 09:58:57,SE,0
0.90375,THB,30G6N7vJIK,24.00,2020-02-02 08:58:45,SE,0
2.6012315270935966,THB,2Mj9zeDuRi,59.00,2020-02-02 09:59:04,SE,0
23.71546658566221,THB,2vhbEzIp11,639.30,2020-02-02 09:58:57,SE,0
0.2259375,THB,30G6N7vJIK,6.00,2020-02-02 08:58:45,SE,0
24.99156865127582,THB,2vhbEzIp11,673.70,2020-02-02 09:58:57,SE,0
0.30125,THB,30G6N7vJIK,8.00,2020-02-02 08:58:45,SE,0
29.030000000000005,THB,Kuqy8iFL9G,3190.00,2020-02-02 09:58:52,SE,0
2.0,THB,2ULE0zNEsU,220.00,2020-02-02 07:19:41,SE,0
0.5,THB,2ULE0zNEsU,55.00,2020-02-02 07:19:41,SE,0
16.68864724880383,THB,Y0L4V69y1s,449.91,2020-02-02 11:55:37,SE,0
14.321352751196171,THB,Y0L4V69y1s,386.09,2020-02-02 11:55:37,SE,0
29.23,THB,30xuYjIn4G,788.00,2020-02-02 09:57:07,SE,0
1.27,THB,3WZWs3JXUZ,140.00,2020-02-02 11:55:17,SE,0
6.33,THB,2ziLWxIyN6,80.00,2020-02-02 07:19:26,SE,0
16.58,THB,2ziLWxIyN6,230.00,2020-02-02 07:19:26,SE,0
1.3386407766990291,THB,GdknsOKubY,36.00,2020-02-02 08:57:10,SE,0
2.4913592233009707,THB,GdknsOKubY,67.00,2020-02-02 08:57:10,SE,0
0.55,THB,2ziLWxIyN6,60.00,2020-02-02 07:19:26,SE,0
12.636182212581346,THB,2CvsDFr40y,296.00,2020-02-02 11:55:10,SE,0
0.8111062906724512,THB,2CvsDFr40y,19.00,2020-02-02 11:55:10,SE,0
3.415184381778742,THB,2CvsDFr40y,80.00,2020-02-02 11:55:10,SE,0
0.98,THB,jOvX1ESa5j,108.00,2020-02-02 08:55:40,SE,0
1.3233839479392624,THB,2CvsDFr40y,31.00,2020-02-02 11:55:10,SE,0
1.4941431670281995,THB,2CvsDFr40y,35.00,2020-02-02 11:55:10,SE,0
18.9,THB,1yV3nLH3cT,1500.00,2020-02-02 08:55:15,SE,0
1.46,THB,2ib5TYnJhb,99.00,2020-02-02 09:55:05,SE,0
1.46,THB,2ib5TYnJhb,99.00,2020-02-02 09:55:05,SE,0
20.58,THB,2e6DWdYoi5,243.00,2020-02-02 07:17:44,SE,0
50.14,THB,ua9pDhTjeV,592.00,2020-02-02 03:36:02,SE,0
2.63,THB,C5p02fukA1,179.00,2020-02-02 09:53:19,SE,0
6.566804733727811,THB,C5p02fukA1,177.00,2020-02-02 09:53:19,SE,0
12.24319526627219,THB,C5p02fukA1,330.00,2020-02-02 09:53:19,SE,0
1.26,THB,C5p02fukA1,139.00,2020-02-02 09:53:19,SE,0
0.31297029702970297,THB,3I4TUl4XlD,29.00,2020-02-02 09:50:35,SE,0
0.777029702970297,THB,3I4TUl4XlD,72.00,2020-02-02 09:50:35,SE,0
1.47,THB,24UXsWplvB,100.00,2020-02-02 11:50:33,SE,0
0.6714146341463414,THB,AxbPKiaPCu,74.00,2020-02-02 09:49:28,SE,0
1.1885853658536585,THB,AxbPKiaPCu,131.00,2020-02-02 09:49:28,SE,0
8.98,THB,AxbPKiaPCu,138.00,2020-02-02 09:49:28,SE,0
5.29,THB,2BRvarEpy2,360.00,2020-02-02 08:52:11,SE,0
0.76,THB,AxbPKiaPCu,83.00,2020-02-02 09:49:28,SE,0
5.82,THB,RUeIt0CYKf,640.00,2020-02-02 09:49:22,SE,0
1.1,THB,7idXthHTP4,75.00,2020-02-02 07:15:18,SE,0
3.63,THB,1wRiGOWCWg,399.00,2020-02-02 07:14:59,SE,0
0.04,THB,2VMPSr1YEP,1.00,2020-02-02 11:48:54,SE,0
0.8000000000000002,THB,1wRiGOWCWg,88.00,2020-02-02 07:14:59,SE,0
1.07,THB,wiko5xWSf7,118.00,2020-02-02 07:14:22,SE,0
0.095,THB,2PLQ3ATLGZ,1.00,2020-02-01 19:00:31,SE,0
4.19,THB,Ul5lfEzcgy,113.00,2020-02-02 08:49:21,SE,0
0.095,THB,2PLQ3ATLGZ,1.00,2020-02-01 19:00:31,SE,0
47.18986194995685,THB,1wqlcjZQqn,1070.00,2020-02-02 07:13:48,SE,0
7.94,THB,Ul5lfEzcgy,214.00,2020-02-02 08:49:21,SE,0
55.04013805004313,THB,1wqlcjZQqn,1248.00,2020-02-02 07:13:48,SE,0
2.51,THB,Ul5lfEzcgy,171.00,2020-02-02 08:49:21,SE,0
4.439046778464254,THB,3WZWs3JXUZ,104.00,2020-02-02 11:48:04,SE,0
4.481729920564872,THB,3WZWs3JXUZ,105.00,2020-02-02 11:48:04,SE,0
8.878093556928508,THB,3WZWs3JXUZ,208.00,2020-02-02 11:48:04,SE,0
4.3963636363636365,THB,3WZWs3JXUZ,103.00,2020-02-02 11:48:04,SE,0
4.182947925860547,THB,3WZWs3JXUZ,98.00,2020-02-02 11:48:04,SE,0
4.182947925860547,THB,3WZWs3JXUZ,98.00,2020-02-02 11:48:04,SE,0
4.481729920564872,THB,3WZWs3JXUZ,105.00,2020-02-02 11:48:04,SE,0
4.439046778464254,THB,3WZWs3JXUZ,104.00,2020-02-02 11:48:04,SE,0
42.76,THB,2LgjHatfpb,3394.00,2020-02-02 11:46:46,SE,0
4.439046778464254,THB,3WZWs3JXUZ,104.00,2020-02-02 11:48:04,SE,0
4.439046778464254,THB,3WZWs3JXUZ,104.00,2020-02-02 11:48:04,SE,0
3.1770000000000005,THB,26xEjb7345,72.00,2020-02-02 08:46:44,SE,0
0.62,THB,gqIUjZy4Au,42.00,2020-02-02 09:46:11,SE,0
3.883000000000001,THB,26xEjb7345,88.00,2020-02-02 08:46:44,SE,0
23.67,THB,NlVIxM2kS9,638.00,2020-02-02 09:45:45,SE,0
2.75,THB,362ZVJQdlR,187.00,2020-02-02 09:45:29,SE,0
2.35,THB,2XCmpZohId,160.00,2020-02-02 03:57:11,SE,0
1.7699999999999998,THB,1sKRHSiUK6,195.00,2020-02-02 08:45:15,SE,0
10.93,THB,1sKRHSiUK6,256.00,2020-02-02 08:45:15,SE,0
6.08,THB,dFqE0FNtAn,668.00,2020-02-02 11:42:20,SE,0
40.802270538243626,THB,2U0WybafPZ,619.00,2020-02-02 03:50:08,SE,0
46.6688328611898,THB,2U0WybafPZ,708.00,2020-02-02 03:50:08,SE,0
2.36,THB,vW3Dk9uZuJ,259.00,2020-02-02 08:44:20,SE,0
125.96629886685552,THB,2U0WybafPZ,1911.00,2020-02-02 03:50:08,SE,0
125.96629886685552,THB,2U0WybafPZ,1911.00,2020-02-02 03:50:08,SE,0
125.96629886685552,THB,2U0WybafPZ,1911.00,2020-02-02 03:50:08,SE,0
1.32,THB,uGASOGjxTC,90.00,2020-02-02 09:42:40,SE,0
9.12,THB,2FKnThs3Jj,1002.00,2020-02-02 11:39:53,SE,0
3.7999999999999994,THB,3Bi9W2kLvI,89.00,2020-02-02 11:39:17,SE,0
0.4000000000000001,THB,rcRSOPNVSw,44.00,2020-02-02 06:22:47,SE,0
1.1,THB,rcRSOPNVSw,121.00,2020-02-02 06:22:47,SE,0
1.1,THB,rcRSOPNVSw,121.00,2020-02-02 06:22:47,SE,0
1.1,THB,rcRSOPNVSw,121.00,2020-02-02 06:22:47,SE,0
6.3,THB,cTsUIhFNtA,500.00,2020-02-02 08:41:20,SE,0
3.34,THB,wWMC2oCYsn,90.00,2020-02-02 06:21:44,SE,0
2.52,THB,NyzhgLpdMS,277.00,2020-02-02 09:41:18,SE,0
8.09,THB,HsludRCvBi,282.00,2020-02-02 08:41:19,SE,0
10.83,THB,hlgXrw0Ja3,1190.00,2020-02-02 09:41:00,SE,0
15.0,THB,HsludRCvBi,152.00,2020-02-02 08:41:19,SE,0
7.34,THB,HsludRCvBi,499.00,2020-02-02 08:41:19,SE,0
11.28,THB,1t4Sk0IN28,199.00,2020-02-02 08:41:05,SE,0
14.74,THB,hlgXrw0Ja3,260.00,2020-02-02 09:41:00,SE,0
2.15,THB,rxP7zmLyK1,58.00,2020-02-02 09:40:50,SE,0
14.74,THB,hlgXrw0Ja3,260.00,2020-02-02 09:41:00,SE,0
14.74,THB,hlgXrw0Ja3,260.00,2020-02-02 09:41:00,SE,0
14.74,THB,hlgXrw0Ja3,260.00,2020-02-02 09:41:00,SE,0
14.74,THB,hlgXrw0Ja3,260.00,2020-02-02 09:41:00,SE,0
6.3,THB,cTsUIhFNtA,500.00,2020-02-02 08:39:12,SE,0
7.75,THB,28N0uv4VSs,98.00,2020-02-02 06:19:57,SE,0
2.56,THB,2KDwERSHmZ,60.00,2020-02-02 07:07:39,SE,0
2.56,THB,2KDwERSHmZ,60.00,2020-02-02 07:07:39,SE,0
4.74,THB,XGu3sYO6Bt,205.00,2020-02-02 08:38:24,SE,0
0.38,THB,jJhXv5iAq4,26.00,2020-02-02 07:07:38,SE,0
1.23,THB,CjzPBK6vbs,135.00,2020-02-02 09:26:08,SE,0
0.02,THB,jJhXv5iAq4,1.00,2020-02-02 07:07:38,SE,0
0.02,THB,jJhXv5iAq4,1.00,2020-02-02 07:07:38,SE,0
0.02,THB,jJhXv5iAq4,1.00,2020-02-02 07:07:38,SE,0
0.02,THB,jJhXv5iAq4,1.00,2020-02-02 07:07:38,SE,0
0.02,THB,jJhXv5iAq4,1.00,2020-02-02 07:07:38,SE,0
2.93,THB,oLW1vxj1IZ,322.00,2020-02-02 08:30:36,SE,0
1.042340425531915,THB,22NnaDuBOF,71.00,2020-02-02 08:37:36,SE,0
2.0,THB,bRlHsgdaJ3,220.00,2020-02-02 09:36:28,SE,0
1.0276595744680852,THB,22NnaDuBOF,70.00,2020-02-02 08:37:36,SE,0
5.1,THB,cTsUIhFNtA,404.87,2020-02-02 08:37:14,SE,0
0.26,THB,1i2vsber44,29.00,2020-02-02 06:18:04,SE,0
0.01,THB,jJhXv5iAq4,1.00,2020-02-02 07:07:38,SE,0
0.01,THB,jJhXv5iAq4,1.00,2020-02-02 07:07:38,SE,0
0.01,THB,jJhXv5iAq4,1.00,2020-02-02 07:07:38,SE,0
0.01,THB,jJhXv5iAq4,1.00,2020-02-02 07:07:38,SE,0
0.01,THB,jJhXv5iAq4,1.00,2020-02-02 07:07:38,SE,0
1.73,THB,R1wDSwoFFj,137.00,2020-02-02 06:17:56,SE,0
28.34,THB,poRLSrJcaI,764.00,2020-02-02 06:16:41,SE,0
7.23,THB,WPX85CNXHU,195.00,2020-02-02 08:36:49,SE,0
0.71,THB,0mSBAzjU1V,78.00,2020-02-02 06:16:26,SE,0
1.0126865671641792,THB,WPX85CNXHU,69.00,2020-02-02 08:36:49,SE,0
0.924626865671642,THB,WPX85CNXHU,63.00,2020-02-02 08:36:49,SE,0
1.0126865671641792,THB,WPX85CNXHU,69.00,2020-02-02 08:36:49,SE,0
6.74,THB,90zqexfzJy,116.00,2020-02-02 06:15:26,SE,0
0.96,THB,pjqiIsuyR8,106.00,2020-02-02 08:36:22,SE,0
1.0,THB,1u3DpFe9BI,110.00,2020-02-02 09:35:26,SE,0
2.5,THB,1u3DpFe9BI,275.00,2020-02-02 09:35:26,SE,0
1.0,THB,1u3DpFe9BI,110.00,2020-02-02 09:35:26,SE,0
5.12,THB,2w5zB16RCx,563.00,2020-02-02 09:32:25,SE,0
12.72,THB,Aq7deNlgP7,298.00,2020-02-02 09:31:59,SE,0
5.05,THB,BNikk1gcvH,89.00,2020-02-02 09:31:27,SE,0
5.05,THB,BNikk1gcvH,89.00,2020-02-02 09:31:27,SE,0
0.04,THB,3BxK8X0J3P,1.00,2020-02-02 07:02:42,SE,0
0.04,THB,3BxK8X0J3P,1.00,2020-02-02 07:02:42,SE,0
0.04,THB,3BxK8X0J3P,1.00,2020-02-02 07:02:42,SE,0
0.04,THB,3BxK8X0J3P,1.00,2020-02-02 07:02:42,SE,0
9.9,THB,Aq7deNlgP7,1088.00,2020-02-02 09:28:45,SE,0
1.764,THB,2wO2Tfqgek,120.00,2020-02-02 04:10:02,SE,0
4.116,THB,2wO2Tfqgek,280.00,2020-02-02 04:10:02,SE,0
4.27,THB,349GTvuFwk,115.00,2020-02-02 09:27:34,SE,0
1.89,THB,cTsUIhFNtA,150.00,2020-02-02 08:33:09,SE,0
206.98,THB,zWmROH5y2Q,5579.00,2020-02-02 08:32:58,SE,0
9.0,THB,2mHlZafKDa,989.00,2020-02-02 06:10:23,SE,0
1.26,THB,2mHlZafKDa,139.00,2020-02-02 06:10:23,SE,0
0.04,THB,xbPOcLAvIZ,1.00,2020-02-02 07:02:37,SE,0
0.04,THB,xbPOcLAvIZ,1.00,2020-02-02 07:02:37,SE,0
0.04,THB,xbPOcLAvIZ,1.00,2020-02-02 07:02:37,SE,0
0.04,THB,xbPOcLAvIZ,1.00,2020-02-02 07:02:37,SE,0
12.87,THB,j33iLyKEgm,1021.23,2020-02-02 08:31:08,SE,0
0.04,THB,xbPOcLAvIZ,1.00,2020-02-02 07:02:37,SE,0
0.04,THB,xbPOcLAvIZ,1.00,2020-02-02 07:02:37,SE,0
0.04,THB,xbPOcLAvIZ,1.00,2020-02-02 07:02:37,SE,0
0.04,THB,xbPOcLAvIZ,1.00,2020-02-02 07:02:37,SE,0
0.04,THB,xbPOcLAvIZ,1.00,2020-02-02 07:02:37,SE,0
1.14,THB,vW3Dk9uZuJ,125.00,2020-02-02 08:30:34,SE,0
0.23,THB,vW3Dk9uZuJ,25.00,2020-02-02 08:30:34,SE,0
3.91,THB,2pSZaJkfc3,430.00,2020-02-02 06:07:29,SE,0
5.586206896551724,THB,ottJ7swo1E,380.00,2020-02-02 06:07:20,SE,0
2.513793103448276,THB,ottJ7swo1E,171.00,2020-02-02 06:07:20,SE,0
1.0005882352941178,THB,VXzabv91VP,27.00,2020-02-02 08:28:10,SE,0
0.37058823529411766,THB,VXzabv91VP,10.00,2020-02-02 08:28:10,SE,0
0.8616176470588236,THB,VXzabv91VP,23.25,2020-02-02 08:28:10,SE,0
0.08,THB,1hN4FA54Hv,1.00,2020-02-02 07:02:21,SE,0
0.5558823529411765,THB,VXzabv91VP,15.00,2020-02-02 08:28:10,SE,0
0.01,THB,1hN4FA54Hv,1.00,2020-02-02 07:02:21,SE,0
0.7041176470588236,THB,VXzabv91VP,19.00,2020-02-02 08:28:10,SE,0
0.2872058823529412,THB,VXzabv91VP,7.75,2020-02-02 08:28:10,SE,0
1.9,THB,XGu3sYO6Bt,129.00,2020-02-02 04:12:56,SE,0
0.03,THB,1hN4FA54Hv,1.00,2020-02-02 07:02:21,SE,0
7.34,THB,HsludRCvBi,499.00,2020-02-02 08:27:14,SE,0
4.24,THB,XGu3sYO6Bt,466.00,2020-02-02 04:12:56,SE,0
14.18,THB,Z1PNbkCbv5,332.00,2020-02-02 04:12:47,SE,0
1.508152380952381,THB,nT5T6LA3ff,25.96,2020-02-02 08:26:16,SE,0
2.4423238095238093,THB,nT5T6LA3ff,42.04,2020-02-02 08:26:16,SE,0
0.9295238095238096,THB,nT5T6LA3ff,16.00,2020-02-02 08:26:16,SE,0
3.77,THB,RNEJqMI3jy,163.00,2020-02-02 04:12:29,SE,0
33.47,THB,RNEJqMI3jy,759.00,2020-02-02 04:12:29,SE,0
2.560666666666666,THB,AzJq4QvIvl,69.00,2020-02-02 07:02:16,SE,0
22.66,THB,AzJq4QvIvl,456.00,2020-02-02 07:02:16,SE,0
4.119333333333333,THB,AzJq4QvIvl,111.00,2020-02-02 07:02:16,SE,0
20.03,THB,2w2r68iEPf,540.00,2020-02-02 04:11:57,SE,0
10.02,THB,AzJq4QvIvl,270.00,2020-02-02 07:02:16,SE,0
25.380000000000003,THB,lAP3xTSDDS,684.00,2020-02-02 04:10:15,SE,0
0.5,THB,2wO2Tfqgek,55.00,2020-02-02 04:10:02,SE,0
5.29,THB,2FaGBIjkGB,124.00,2020-02-02 06:01:43,SE,0
1.03,THB,2FaGBIjkGB,113.00,2020-02-02 06:01:43,SE,0
3.43,THB,2wO2Tfqgek,69.00,2020-02-02 04:10:02,SE,0
1.07,THB,2wO2Tfqgek,118.00,2020-02-02 04:10:02,SE,0
6.34,THB,wSdyxB8b9J,503.46,2020-02-02 06:01:16,SE,0
2.52,THB,2wO2Tfqgek,59.00,2020-02-02 04:10:02,SE,0
3.08,THB,2wO2Tfqgek,39.00,2020-02-02 04:10:02,SE,0
1.38,THB,VXELrdByyy,94.00,2020-02-02 06:01:11,SE,0
2.08,THB,2wO2Tfqgek,56.00,2020-02-02 04:10:02,SE,0
1.16,THB,2wO2Tfqgek,127.00,2020-02-02 04:10:02,SE,0
0.8599999999999999,THB,2wO2Tfqgek,95.00,2020-02-02 04:10:02,SE,0
0.05699999999999999,THB,NPgrTNvhAP,6.00,2020-02-02 08:21:58,SE,0
0.03799999999999999,THB,NPgrTNvhAP,4.00,2020-02-02 08:21:58,SE,0
0.05699999999999999,THB,NPgrTNvhAP,6.00,2020-02-02 08:21:58,SE,0
0.03799999999999999,THB,NPgrTNvhAP,4.00,2020-02-02 08:21:58,SE,0
0.03799999999999999,THB,NPgrTNvhAP,4.00,2020-02-02 08:21:58,SE,0
0.04,THB,eT81rXCrFp,1.00,2020-02-02 07:02:10,SE,0
0.04,THB,eT81rXCrFp,1.00,2020-02-02 07:02:10,SE,0
0.03,THB,eT81rXCrFp,1.00,2020-02-02 07:02:10,SE,0
0.03799999999999999,THB,NPgrTNvhAP,4.00,2020-02-02 08:21:58,SE,0
0.03799999999999999,THB,NPgrTNvhAP,4.00,2020-02-02 08:21:58,SE,0
0.03799999999999999,THB,NPgrTNvhAP,4.00,2020-02-02 08:21:58,SE,0
0.03799999999999999,THB,NPgrTNvhAP,4.00,2020-02-02 08:21:58,SE,0
0.69,THB,wSdyxB8b9J,55.00,2020-02-02 05:57:30,SE,0
9.66,THB,2J7zASW0up,219.00,2020-02-02 08:20:14,SE,0
0.11181818181818184,THB,FZ0Veu2fE1,3.00,2020-02-02 07:02:03,SE,0
0.1490909090909091,THB,FZ0Veu2fE1,4.00,2020-02-02 07:02:03,SE,0
0.11,THB,FZ0Veu2fE1,12.00,2020-02-02 07:02:03,SE,0
11.65,THB,2t32QQJn6r,314.00,2020-02-01 21:13:43,SE,0
0.1490909090909091,THB,FZ0Veu2fE1,4.00,2020-02-02 07:02:03,SE,0
0.13,THB,FZ0Veu2fE1,14.00,2020-02-02 07:02:03,SE,0
0.03,THB,YzbXOFVsDC,1.00,2020-02-02 07:02:02,SE,0
1.2658075601374572,THB,QpsYUZOB0C,139.00,2020-02-02 06:45:23,SE,0
1.7211340206185568,THB,QpsYUZOB0C,189.00,2020-02-02 06:45:23,SE,0
0.4462199312714777,THB,QpsYUZOB0C,49.00,2020-02-02 06:45:23,SE,0
2.21,THB,kLatM4GqYl,150.00,2020-02-02 01:13:30,SE,0
2.5407216494845364,THB,QpsYUZOB0C,279.00,2020-02-02 06:45:23,SE,0
1.3386597938144331,THB,QpsYUZOB0C,147.00,2020-02-02 06:45:23,SE,0
0.3187285223367698,THB,QpsYUZOB0C,35.00,2020-02-02 06:45:23,SE,0
0.3187285223367698,THB,QpsYUZOB0C,35.00,2020-02-02 06:45:23,SE,0
0.81,THB,3B07HsXsBh,55.00,2020-02-02 07:01:56,SE,0
0.8830188679245282,THB,22Pxme8Vts,60.00,2020-02-02 05:52:13,SE,0
1.4569811320754715,THB,22Pxme8Vts,99.00,2020-02-02 05:52:13,SE,0
2.387636363636364,THB,3B07HsXsBh,56.00,2020-02-02 07:01:56,SE,0
1.3899999999999997,THB,39godErVly,153.00,2020-02-02 08:16:40,SE,0
1.0232727272727271,THB,3B07HsXsBh,24.00,2020-02-02 07:01:56,SE,0
1.63,THB,JeHaL5EPtb,179.00,2020-02-02 05:51:56,SE,0
0.01,THB,2kwLDzmUaJ,1.00,2020-02-02 07:01:53,SE,0
1.2790909090909093,THB,3B07HsXsBh,30.00,2020-02-02 07:01:56,SE,0
0.72,THB,PF08lyC8jB,79.00,2020-02-01 20:16:12,SE,0
0.72,THB,PF08lyC8jB,79.00,2020-02-01 20:16:12,SE,0
0.10875,THB,1xcVyIsspz,12.00,2020-02-01 19:37:25,SE,0
0.72,THB,PF08lyC8jB,79.00,2020-02-01 20:16:12,SE,0
0.16312500000000002,THB,1xcVyIsspz,18.00,2020-02-01 19:37:25,SE,0
51.75999999999999,THB,2AuMeoTcw2,5688.00,2020-02-02 04:02:12,SE,0
0.13593750000000002,THB,1xcVyIsspz,15.00,2020-02-01 19:37:25,SE,0
0.17218750000000002,THB,1xcVyIsspz,19.00,2020-02-01 19:37:25,SE,0
0.6914146341463415,THB,qJPbzh8rqq,76.00,2020-02-02 04:01:23,SE,0
1.7194390243902442,THB,qJPbzh8rqq,189.00,2020-02-02 04:01:23,SE,0
1.3191463414634148,THB,qJPbzh8rqq,145.00,2020-02-02 04:01:23,SE,0
2.06,THB,J1JvWxUV65,140.00,2020-02-02 08:15:12,SE,0
0.27,THB,Xc4Ct3uFib,30.00,2020-02-02 07:01:49,SE,0
0.05,THB,Xc4Ct3uFib,1.00,2020-02-02 07:01:49,SE,0
0.008749999999999999,THB,Xc4Ct3uFib,1.00,2020-02-02 07:01:49,SE,0
0.05,THB,Xc4Ct3uFib,1.00,2020-02-02 07:01:49,SE,0
0.06124999999999999,THB,Xc4Ct3uFib,7.00,2020-02-02 07:01:49,SE,0
24.26094616639478,THB,1u7hM1PM3i,654.00,2020-02-02 05:48:44,SE,0
35.13014681892333,THB,1u7hM1PM3i,947.00,2020-02-02 05:48:44,SE,0
2.55,THB,2N1TLBe9bh,280.00,2020-02-02 08:12:40,SE,0
8.828907014681892,THB,1u7hM1PM3i,238.00,2020-02-02 05:48:44,SE,0
63.11000000000001,THB,8YuuMRRSxl,1431.00,2020-02-02 05:48:36,SE,0
0.5625165562913909,THB,1zMgOmneCc,62.00,2020-02-02 05:21:30,SE,0
0.4082781456953643,THB,1zMgOmneCc,45.00,2020-02-02 05:21:30,SE,0
0.3992052980132451,THB,1zMgOmneCc,44.00,2020-02-02 05:21:30,SE,0
10.02,THB,4Q3wbYZhSd,270.00,2020-02-02 08:10:58,SE,0
1.19,THB,1jFqUKoFfl,94.60,2020-02-02 03:58:16,SE,0
74.55,THB,30o4EYfg7a,1500.00,2020-02-02 08:10:37,SE,0
14.06,THB,2pSZaJkfc3,379.00,2020-02-02 03:57:28,SE,0
0.01,THB,2Vacxx5fXZ,1.00,2020-02-02 07:01:44,SE,0
12.79,THB,2vLmZGGdMn,870.00,2020-02-02 08:10:14,SE,0
0.04,THB,2Vacxx5fXZ,1.00,2020-02-02 07:01:44,SE,0
0.04,THB,2Vacxx5fXZ,1.00,2020-02-02 07:01:44,SE,0
5.932542372881357,THB,umXsI4hVmZ,66.00,2020-02-02 03:57:04,SE,0
0.04,THB,2Vacxx5fXZ,1.00,2020-02-02 07:01:44,SE,0
9.977457627118644,THB,umXsI4hVmZ,111.00,2020-02-02 03:57:04,SE,0
7.49,THB,E25cPvZx1N,129.00,2020-02-02 05:45:40,SE,0
0.04,THB,2Vacxx5fXZ,1.00,2020-02-02 07:01:44,SE,0
0.01,THB,2Vacxx5fXZ,1.00,2020-02-02 07:01:44,SE,0
1.32,THB,E25cPvZx1N,145.00,2020-02-02 05:45:40,SE,0
18.058416886543537,THB,8QRsiriU84,423.00,2020-02-02 03:56:34,SE,0
0.01,THB,2Vacxx5fXZ,1.00,2020-02-02 07:01:44,SE,0
11.142427440633243,THB,8QRsiriU84,261.00,2020-02-02 03:56:34,SE,0
0.01,THB,2Vacxx5fXZ,1.00,2020-02-02 07:01:44,SE,0
3.159155672823219,THB,8QRsiriU84,74.00,2020-02-02 03:56:34,SE,0
22.13,THB,Z1PNbkCbv5,313.00,2020-02-02 03:56:18,SE,0
0.18,THB,iQaLBwZO6E,20.00,2020-02-02 07:01:43,SE,0
0.01,THB,2Vacxx5fXZ,1.00,2020-02-02 07:01:44,SE,0
0.01,THB,2Vacxx5fXZ,1.00,2020-02-02 07:01:44,SE,0
0.08,THB,iyD7DmdYMH,1.00,2020-02-02 07:01:40,SE,0
3.5899999999999994,THB,0SefAmWp2e,395.00,2020-02-02 08:08:13,SE,0
0.04,THB,iyD7DmdYMH,1.00,2020-02-02 07:01:40,SE,0
1.2613333333333332,THB,2H6hxv8R20,86.00,2020-02-02 05:43:47,SE,0
2.23,THB,2H6hxv8R20,152.00,2020-02-02 05:43:47,SE,0
0.9973333333333332,THB,2H6hxv8R20,68.00,2020-02-02 05:43:47,SE,0
0.52,THB,2eJqJO78ry,57.00,2020-02-02 08:07:48,SE,0
3.37,THB,2XCmpZohId,79.00,2020-02-02 03:54:34,SE,0
1.2613333333333332,THB,2H6hxv8R20,86.00,2020-02-02 05:43:47,SE,0
10.68,THB,2EvdTVMeI2,250.00,2020-02-02 05:43:47,SE,0
4.18,THB,f3muoAkYVl,459.00,2020-02-02 05:42:28,SE,0
1.74,THB,K5DwQhyU7B,47.00,2020-02-02 08:07:19,SE,0
0.75,THB,3Ay6h5sBnx,82.00,2020-02-02 08:06:59,SE,0
0.11,THB,pZlvxTDZ2g,12.00,2020-02-02 07:01:39,SE,0
0.060000000000000005,THB,pZlvxTDZ2g,7.00,2020-02-02 07:01:39,SE,0
0.15,THB,pZlvxTDZ2g,4.00,2020-02-02 07:01:39,SE,0
57.93,THB,umXsI4hVmZ,684.00,2020-02-02 03:52:20,SE,0
1.13,THB,2ER46wTHrW,124.00,2020-02-02 05:40:00,SE,0
18.92,THB,1lD90zwGEF,510.00,2020-02-02 03:51:25,SE,0
48.762,THB,2rPrBhb2bH,981.00,2020-02-02 08:04:00,SE,0
5.418,THB,2rPrBhb2bH,109.00,2020-02-02 08:04:00,SE,0
0.04,THB,2fxt83bzd8,1.00,2020-02-02 07:01:35,SE,0
2.71,THB,pOb4h0tjjg,298.00,2020-02-02 05:37:50,SE,0
0.04,THB,2fxt83bzd8,1.00,2020-02-02 07:01:35,SE,0
0.53,THB,l7frRHHrat,42.00,2020-02-02 05:37:44,SE,0
0.04,THB,2fxt83bzd8,1.00,2020-02-02 07:01:35,SE,0
0.03,THB,2fxt83bzd8,1.00,2020-02-02 07:01:35,SE,0
0.02,THB,2fxt83bzd8,1.00,2020-02-02 07:01:35,SE,0
0.6183333333333333,THB,29iZFhjafk,14.00,2020-02-02 08:01:54,SE,0
0.03,THB,2fxt83bzd8,1.00,2020-02-02 07:01:35,SE,0
0.02,THB,2fxt83bzd8,1.00,2020-02-02 07:01:35,SE,0
2.12,THB,29iZFhjafk,48.00,2020-02-02 08:01:54,SE,0
0.02,THB,2fxt83bzd8,1.00,2020-02-02 07:01:35,SE,0
0.44166666666666665,THB,29iZFhjafk,10.00,2020-02-02 08:01:54,SE,0
1.6000000000000003,THB,6wXWfaNA9i,176.00,2020-02-02 08:01:42,SE,0
11.46,THB,e6vkebzTDl,1259.00,2020-02-02 03:49:22,SE,0
1.338235294117647,THB,35nkw8G3JY,91.00,2020-02-02 07:59:05,SE,0
1.6323529411764706,THB,35nkw8G3JY,111.00,2020-02-02 07:59:05,SE,0
2.426470588235294,THB,35nkw8G3JY,165.00,2020-02-02 07:59:05,SE,0
5.970000000000001,THB,BDrTsbgGZ6,161.00,2020-02-02 05:35:31,SE,0
0.7941176470588235,THB,35nkw8G3JY,54.00,2020-02-02 07:59:05,SE,0
0.3088235294117647,THB,35nkw8G3JY,21.00,2020-02-02 07:59:05,SE,0
3.64,THB,OzmUxzkXCi,400.00,2020-02-02 07:58:46,SE,0
3.1934482758620684,THB,OzmUxzkXCi,351.00,2020-02-02 07:58:46,SE,0
3.66655172413793,THB,OzmUxzkXCi,403.00,2020-02-02 07:58:46,SE,0
13.47,THB,hGhsZWG4MS,159.00,2020-02-02 07:56:21,SE,0
3.81,THB,hGhsZWG4MS,259.00,2020-02-02 07:56:21,SE,0
10.458787346221442,THB,2X1haOQLII,245.00,2020-02-02 05:33:52,SE,0
7.360000000000001,THB,hGhsZWG4MS,148.00,2020-02-02 07:56:21,SE,0
1.4941124780316346,THB,2X1haOQLII,35.00,2020-02-02 05:33:52,SE,0
8.068207381370827,THB,2X1haOQLII,189.00,2020-02-02 05:33:52,SE,0
4.268892794376098,THB,2X1haOQLII,100.00,2020-02-02 05:33:52,SE,0
0.11,THB,f3piiQaniz,12.00,2020-02-02 07:01:28,SE,0
2.75,THB,MmdTYenqzX,187.00,2020-02-02 05:33:39,SE,0
0.19,THB,f3piiQaniz,21.00,2020-02-02 07:01:28,SE,0
0.22,THB,f3piiQaniz,24.00,2020-02-02 07:01:28,SE,0
4.77,THB,25Yu24J7MY,524.00,2020-02-02 05:33:22,SE,0
21.15,THB,f2qEc8buj8,570.00,2020-02-02 03:42:33,SE,0
0.8212499999999999,THB,3Efw1S0RsR,90.00,2020-02-02 07:54:22,SE,0
0.1825,THB,3Efw1S0RsR,20.00,2020-02-02 07:54:22,SE,0
0.45625,THB,3Efw1S0RsR,50.00,2020-02-02 07:54:22,SE,0
78.23,THB,ghVPwSFxrx,989.00,2020-02-02 03:41:35,SE,0
0.05,THB,5K39cQkXiu,1.00,2020-02-02 07:01:27,SE,0
0.012,THB,5K39cQkXiu,1.00,2020-02-02 07:01:27,SE,0
2.49,THB,hDiAhJKDNC,67.00,2020-02-02 07:51:28,SE,0
0.012,THB,5K39cQkXiu,1.00,2020-02-02 07:01:27,SE,0
0.012,THB,5K39cQkXiu,1.00,2020-02-02 07:01:27,SE,0
0.024,THB,5K39cQkXiu,2.00,2020-02-02 07:01:27,SE,0
0.04,THB,5K39cQkXiu,1.00,2020-02-02 07:01:27,SE,0
0.04,THB,5K39cQkXiu,1.00,2020-02-02 07:01:27,SE,0
23.23,THB,nM3A5nGzb6,1580.00,2020-02-02 05:30:42,SE,0
0.77,THB,1lRuEMnxra,85.00,2020-02-02 05:30:29,SE,0
8.72,THB,zFw45uvqp5,235.00,2020-02-02 03:39:02,SE,0
2.15,THB,PF08lyC8jB,58.00,2020-02-02 07:01:25,SE,0
0.043333333333333335,THB,2G1aQuVr3p,1.00,2020-02-02 07:01:25,SE,0
0.043333333333333335,THB,2G1aQuVr3p,1.00,2020-02-02 07:01:25,SE,0
0.03,THB,2G1aQuVr3p,1.00,2020-02-02 07:01:25,SE,0
